series,month,views,project_views,views_per_million
pl,2024-09,2520,192493223,13.091369975139333
pl,2024-10,2254,208701948,10.800090854925802
pl,2024-11,2055,218936097,9.386300514894078
pl,2024-12,1898,219776867,8.63603174395966
pl,2025-01,2194,252131702,8.701801410121762
pl,2025-02,1896,211020679,8.98490142759895
pl,2025-03,2011,224233637,8.968324408884293
pl,2025-04,1262,199339583,6.3309051870545945
pl,2025-05,1201,194249620,6.182766277740981
pl,2025-06,1087,170783829,6.364771221987299
pl,2025-07,1000,186739175,5.355062749955921
pl,2025-08,1099,196910322,5.581220876780649
pl,2025-09,2074,189329148,10.954467507559903
pl,2025-10,1210,201290696,6.011206797158672
pl,2025-11,3845,228294569,16.84227538500927
pl,2025-12,1483,190164557,7.798508951381513
pl,2026-01,1264,204283824,6.187469840979675
pl,2026-02,1036,178016304,5.819691661500848
pl,2026-03,1192,178619982,6.6733855118180445
pl,2026-04,1205,172037842,7.004272931998298
pl,2026-05,1063,179989593,5.90589701483463
pl,2026-06,871,179578875,4.850236421182614
pl,2026-07,894,179428492,4.98248628205603
pl,2026-08,1038,175873090,5.901983071998109
cs,2024-09,1158,62292789,18.589631618516872
cs,2024-10,963,70881496,13.586056366530412
cs,2024-11,903,68852170,13.115055052004896
cs,2024-12,847,70360761,12.037959623546424
cs,2025-01,1064,83396601,12.758313735112537
cs,2025-02,995,69753016,14.26461617086206
cs,2025-03,797,74887886,10.64257575651154
cs,2025-04,670,67010206,9.998476948421857
cs,2025-05,753,73630159,10.226787640102748
cs,2025-06,488,56271438,8.672250387487876
cs,2025-07,292,61159851,4.7743739598057555
cs,2025-08,353,57515129,6.137515574380438
cs,2025-09,610,57306454,10.644525309487829
cs,2025-10,545,66546281,8.18978899812598
cs,2025-11,606,72883460,8.314643679100856
cs,2025-12,563,59967317,9.388447377093758
cs,2026-01,589,67410000,8.737576027295654
cs,2026-02,466,58306397,7.992261981133906
cs,2026-03,527,58040192,9.079914828675964
cs,2026-04,540,54688383,9.874126283821557
cs,2026-05,535,59792880,8.947553621769012
cs,2026-06,412,53683305,7.674639257027859
cs,2026-07,462,53131065,8.69547787156158
cs,2026-08,333,51467770,6.470068549696247
